id,first_name,last_name,gender,age,email,phone
e7549ac7-929e-4510-800a-f0606a64b566,Theodor,Smitheram,Male,4,tsmitheram0@desdev.cn,459-791-0554
97df25fc-05dc-42fd-bbe2-5d2516586abe,Camella,Brumpton,Female,53,cbrumpton1@adobe.com,374-978-7548
26eda8b0-4ce8-4b2c-adc5-7e2b48a33b39,Sidney,Heffernon,Male,77,sheffernon2@thetimes.co.uk,904-903-2763
a009596d-df2b-4336-8c4a-ea4da5efa9ac,Benn,Chedgey,Male,25,bchedgey3@ebay.co.uk,513-389-2821
b2adbc59-e2fb-43bd-85fe-07569a5408ec,Manolo,Enos,Male,96,menos4@omniture.com,279-204-6600
397a93f4-6a90-44fe-b0ca-8065b5e60409,Ellette,Surguine,Female,90,esurguine5@joomla.org,190-451-0143
9734c3cf-fd25-409f-a8c7-28ef52176e39,Gardie,Aucoate,Male,72,gaucoate6@sakura.ne.jp,971-831-1108
548db96c-3b2f-4fbc-86ab-23a9077d6aac,Liva,Cheltnam,Female,31,lcheltnam7@slate.com,983-291-0992
b5a7be6e-dc8b-4762-b907-23073186a613,Fabien,Schulter,Male,31,fschulter8@google.it,741-176-4856
7624e003-001b-4778-895d-2d4fbedb3b60,Josephine,Smith,Female,78,jsmith9@ovh.net,233-374-4892
3ec20d2a-06e6-4328-9933-8ad8d00fe219,Shandee,Mapston,Female,94,smapstona@home.pl,569-336-9164
2b54b89d-300c-44f1-bb8a-77ef3eff876b,Mozes,Kilminster,Male,5,mkilminsterb@a8.net,997-473-4664
d676202a-a9bb-4d9e-8d55-53b65fdc477c,Stan,Lehrmann,Male,94,slehrmannc@canalblog.com,861-587-3834
fbe57483-957a-4474-8dc3-12492bb37686,Bogart,Laxon,Male,4,blaxond@sohu.com,749-309-3261
f625ad21-e247-4db3-874b-beb12e0fc30d,Stavros,Albrooke,Male,72,salbrookee@hugedomains.com,222-779-5141
a2b09680-c98d-4e9c-9c74-f559d2159cef,Prinz,Demogeot,Male,61,pdemogeotf@bluehost.com,245-635-8661
9c1b0fb6-10db-45e4-bdc2-605bfb035e64,Hervey,Slowgrove,Male,74,hslowgroveg@intel.com,343-274-5831
ac17fc39-bcfe-4c1c-bfc2-a8947858ddbb,Marena,Harcourt,Female,71,mharcourth@meetup.com,841-931-2802
5794405d-921f-4795-aa9e-edc8dfdea8f2,Julina,Clampe,Female,41,jclampei@webeden.co.uk,686-582-2442
2e89b7cb-b394-4b72-a198-8cb5338c50dd,Decca,Desantis,Male,56,ddesantisj@furl.net,913-210-9128
32c56ed2-14f1-46ef-907f-63d4d3093895,Archibaldo,Rimes,Male,92,arimesk@macromedia.com,137-810-2241
399117b9-fc52-40ea-8240-660b1e07666e,Kath,Pentin,Female,79,kpentinl@yahoo.com,346-368-7074
d5a96c45-bdd8-405a-a738-bfec7b13bf9c,Pen,Slimings,Male,5,pslimingsm@bluehost.com,658-595-6751
3d08648a-7411-432b-a1a9-637fe8f7be6b,Jaymie,Rodgers,Male,75,jrodgersn@house.gov,702-595-5568
c5fb6e58-33d9-4801-b905-aa9c2a915709,Willa,Craister,Female,96,wcraistero@patch.com,837-715-1707
c59a51a2-af1c-4547-909c-a6b4a6f34d67,Pietrek,Stangroom,Male,29,pstangroomp@chron.com,500-242-4674
20fe41d9-c7ae-4c85-945a-9ba05a50b094,Therese,Amesbury,Female,16,tamesburyq@google.ca,860-684-1186
788c7993-16c5-4b16-8b21-5b727dbe0d37,Rebecka,Duly,Female,44,rdulyr@sitemeter.com,136-829-2469
30ac7d83-4367-4d95-bb71-133f31107495,Ange,Ghirigori,Female,52,aghirigoris@mail.ru,288-236-9113
34540b88-7d96-4969-9bd6-a8e8408f8c45,Laurette,Hubane,Female,28,lhubanet@woothemes.com,443-211-8713
4f3b34f8-6693-477c-b75e-b9faa3ac567f,Helge,Stote,Female,65,hstoteu@java.com,141-125-5806
df8dc1f6-dad8-4408-89c6-dc2ecbfe0a90,Rolland,Cattrell,Male,78,rcattrellv@networksolutions.com,734-695-9325
4894d71a-7a2e-4fb7-ab19-1e5440a6ecdb,Evyn,Twigger,Male,60,etwiggerw@ftc.gov,627-624-0862
dff37e69-1ace-4dad-821c-ef9faf0490bb,Ulla,Cullimore,Female,19,ucullimorex@seattletimes.com,806-999-9901
82c5feee-a2c7-461e-91ed-51b9e2c52baf,Tallia,Ansty,Female,83,tanstyy@bloglines.com,857-651-4582
d59673cf-7ab8-4c54-9f14-c559716acdfc,Courtnay,Tatton,Male,20,ctattonz@ask.com,678-533-2939
f4b53f93-940f-41df-ac80-286bb5571a28,Standford,Vowdon,Male,41,svowdon10@webeden.co.uk,319-870-4310
5e259285-8435-4960-ab3c-0af2b471344c,Celestyna,Phant,Female,2,cphant11@wufoo.com,862-880-2937
fa68da11-42cc-46a5-ae22-df9ddff67db3,Margret,Gaiter,Female,66,mgaiter12@google.it,118-895-6253
8d40ada1-7b97-4b08-9b05-b462675b4663,Merilyn,Everard,Female,67,meverard13@wix.com,662-926-3702
6bda5c7c-ffdb-4e35-a257-5e75c80fbcf5,Mile,Shufflebotham,Male,36,mshufflebotham14@soundcloud.com,649-946-9187
b861c2e9-bea3-4cf7-a616-f471d03e4ec2,Gerty,Huws,Female,33,ghuws15@symantec.com,469-973-4179
8bb24607-55ec-4dd4-ad17-7a974a926e34,Rosene,Pebworth,Female,47,rpebworth16@msn.com,810-463-8996
8dbc1813-5ae4-4bab-accc-af7cebe07639,Andras,Dillinton,Male,11,adillinton17@wiley.com,493-222-5109
3a37eed4-32f5-42c9-b94d-bc83958c6835,Heath,Studdeard,Female,38,hstuddeard18@senate.gov,479-692-7897
61243c79-e494-4efb-8944-8fd5b7801567,Rodina,Bray,Female,28,rbray19@answers.com,626-934-3954
8f7b1786-dee9-4bf4-8640-266da3e03606,Moishe,Hainey`,Male,45,mhainey1a@youtube.com,333-569-8252
29aaa22b-3260-4f74-a5d2-9fdca522a588,Gilligan,Belle,Female,49,gbelle1b@admin.ch,361-532-8460
407c0ccb-f9eb-43ce-9fcc-9dff94d18515,Murial,Service,Female,11,mservice1c@time.com,859-855-6012
913d709b-c9f5-4529-83ed-3e091188b6c7,Thorin,Elijahu,Male,9,telijahu1d@vk.com,536-743-6385
a25682bb-cf1f-4ec2-bad2-30da25465210,Kandy,Joselevitch,Female,75,kjoselevitch1e@trellian.com,186-372-1642
0d856734-f274-45bf-8528-32220edaea1d,Nerte,Kaliszewski,Female,69,nkaliszewski1f@over-blog.com,102-808-6881
4cbf6873-ed3f-4f5e-b3de-f30a0afaf53c,Lexis,Verman,Female,41,lverman1g@sciencedirect.com,922-807-4220
701240ac-1db9-4093-baa1-25886a5a6ad2,Chrysa,Castelin,Female,79,ccastelin1h@tripadvisor.com,256-232-2154
dce32d64-3235-4f0e-bb34-0d49d837d0a8,Dianna,Delagnes,Female,21,ddelagnes1i@furl.net,508-868-3777
7f6ff0b0-85e5-45c4-95c6-314abfbec3ce,Pietrek,Janos,Male,71,pjanos1j@theglobeandmail.com,603-247-1267
4444a727-7d99-4b64-9143-a60d7913a67b,Bendick,Abramowitz,Male,14,babramowitz1k@homestead.com,898-344-9718
4590e53a-21e7-4117-978d-ce7bd25b8546,Tedmund,Antrack,Male,86,tantrack1l@prweb.com,853-960-0479
3479537a-27af-44c1-b887-11b5c9757deb,Elwira,Cubitt,Female,51,ecubitt1m@wired.com,178-361-3138
662afccb-472a-4605-b3f8-1380f515c9b7,Cortney,Kullmann,Female,90,ckullmann1n@zimbio.com,710-305-8857
d8614166-62b9-4d5c-ad78-34fe56bfc91f,Ulrick,Carnock,Male,85,ucarnock1o@gmpg.org,651-972-6420
73ef294f-0235-46e7-ab29-c82d06d30bc5,Roman,Frankcomb,Male,42,rfrankcomb1p@wikispaces.com,955-917-6642
c6e91d02-6396-48ba-b28f-761e393836c3,Agace,Lobe,Female,26,alobe1q@taobao.com,929-974-8261
b6fe0316-d9cc-432d-a3ed-904baf60cc1f,Gelya,Stygall,Female,32,gstygall1r@scribd.com,342-926-6072
da18853c-5d18-4b92-b7d6-3746d9b36280,Rivalee,Cavey,Female,77,rcavey1s@1und1.de,635-130-4246
61631b59-4c67-4ee9-8571-f6705385a020,Darin,Hallybone,Male,10,dhallybone1t@comcast.net,784-682-8988
4758a196-3242-4129-8353-d60ff7b45ed9,Philly,Benoix,Female,50,pbenoix1u@harvard.edu,359-815-8831
4c82579a-6c78-4f07-aac1-111f74bdbd6b,Nessa,Zanassi,Female,78,nzanassi1v@paginegialle.it,979-165-8696
2a0da28a-642d-4620-8779-8dd1bdc7a529,Willette,Lepper,Female,52,wlepper1w@acquirethisname.com,166-874-1377
d080d41a-a5de-42fc-a981-10b5abfe7d0b,Antonio,Doulton,Male,56,adoulton1x@upenn.edu,109-415-3973
f39230ef-0047-4e7a-9716-ef63a80ef684,Hertha,Dorin,Female,70,hdorin1y@com.com,967-607-9616
3f4d0bc0-6b9c-4f44-bb7d-2ba4f9b1c628,Krystle,Huebner,Female,15,khuebner1z@shareasale.com,541-891-6845
bb0b276b-3161-4ef8-8c16-3b7d1f4e622a,Kelsy,MacConnulty,Female,96,kmacconnulty20@nymag.com,278-807-7788
a54aca57-75b1-457b-9500-07eca0275fd7,Franky,Dowsey,Female,47,fdowsey21@live.com,202-190-1827
18bc1740-2285-475b-ac10-fd10deef364b,Nickolaus,Tuminelli,Male,3,ntuminelli22@answers.com,130-750-9886
86be7eb1-c420-46f6-a899-86d737902487,Henrik,Chattey,Male,3,hchattey23@naver.com,842-365-1945
3a92272e-3a63-40ad-a067-ac2a49585041,Hilary,Belly,Male,71,hbelly24@feedburner.com,843-459-0408
68b06a55-b3f6-4ed9-a7cc-4ef32e515b04,Ruthe,Grellis,Female,88,rgrellis25@t.co,174-725-9291
b4000768-2e00-4abd-a316-424b1de74310,Miltie,Gilliland,Male,34,mgilliland26@sourceforge.net,416-474-9107
9834be1d-b147-4f99-9740-1d4d263b53e9,Niki,Eunson,Male,15,neunson27@kickstarter.com,721-971-6985
5e9676e4-bd2c-49cc-b6d7-befe335bcc61,Alanson,Barnwille,Male,89,abarnwille28@indiatimes.com,274-326-9752
2ef5ff47-65a6-41a0-9945-5f2ceeefa387,Zolly,Rosina,Male,51,zrosina29@icio.us,953-731-4715
068240b4-5b05-4f20-8d2c-c8c0c23c7b5d,Pat,Limpricht,Male,49,plimpricht2a@bigcartel.com,721-235-3944
2351e353-7cdd-4f5b-b431-7c192544ef81,Virgie,Lempel,Male,94,vlempel2b@webs.com,773-834-0520
d29b0e59-404b-42e5-b570-3b301c8ab432,Honoria,Yendle,Female,47,hyendle2c@columbia.edu,850-644-8747
1b93a34d-45b4-4c5f-b82e-9790e9036d4f,Mead,Amsden,Male,21,mamsden2d@mozilla.org,353-371-8198
8a0670b2-c022-4d95-986d-5b397e4ab6b2,Dennie,Quilligan,Male,55,dquilligan2e@princeton.edu,525-699-5793
11fe1e5d-d493-450b-abab-620ac8be37b5,Chery,St. Quentin,Female,36,cstquentin2f@ucla.edu,361-471-4766
cfe240aa-9200-4300-9cfd-5c76f5dec611,Mohandas,Gerner,Male,42,mgerner2g@livejournal.com,746-580-5514
7ccc09f0-76a3-4820-9d4c-c67ca7c12a02,Mirilla,Frenzl,Female,44,mfrenzl2h@gnu.org,936-519-8480
6c42b67d-2d86-406f-8860-5957f3813a96,Sidney,Kelloway,Male,25,skelloway2i@bloglines.com,181-324-4577
7e83ff8f-ffe2-467f-9681-968bb107c5b3,Nicol,Lumsdall,Male,47,nlumsdall2j@booking.com,143-458-7293
93cfc9b2-c00c-4575-a484-6de299f8315a,Fernando,Asey,Male,93,fasey2k@geocities.com,264-657-5368
2c968402-f43f-4432-8f55-b36caff0ece9,Ofella,McDunlevy,Female,54,omcdunlevy2l@hud.gov,213-457-1158
43a6c320-c608-460b-8808-980e502f105f,Darren,Spargo,Male,88,dspargo2m@hc360.com,271-324-9983
ac92ea11-81ba-4af2-aa8b-b11cc30f2515,Kingsly,Vicary,Male,45,kvicary2n@4shared.com,810-683-7998
ee171ebd-af61-4172-a399-a56494414222,Clay,Oxenbury,Male,4,coxenbury2o@indiegogo.com,402-787-2335
fc368f33-de00-4ecb-b434-25e45d79c932,Hilarius,Pichmann,Male,88,hpichmann2p@goo.ne.jp,589-619-7031
23d88ae8-26ab-43e4-8aa5-15d2a651dd92,Burnaby,Althrop,Male,72,balthrop2q@cnbc.com,307-638-1864
83a6310c-dccb-43fe-bd56-7f473c1fb2ff,Shurlock,Chesworth,Male,58,schesworth2r@bizjournals.com,879-756-4495
